date,btc_close,btc_state,btc_ema50,eth_close,eth_state,etf_day,etf_in20,etf_week,brake,funding_annual,cycle_month,phase,action_btc,action_eth,overlay
2026-09-22,86611.01,顺势,75016.17394861225,2776.57,顺势,9.99,12,9.99,,10.95,29.1,再入场窗口,BTC 持有（周期持有期，趋势出场未武装）,ETH 持有（周期持有期，趋势出场未武装）,合约 可持1x（费率年化 11%）
2026-09-23,86204.93,顺势,75454.94584320173,2753.72,顺势,9.99,12,9.99,,6.199385560031851,29.1,再入场窗口,BTC 持有（周期持有期，趋势出场未武装）,ETH 持有（周期持有期，趋势出场未武装）,合约 可持1x（费率年化 6%）
2026-09-24,84391.0,顺势,75805.37882097569,2684.61,顺势,7.15,12,17.14,,4.142937412969349,29.1,再入场窗口,BTC 持有（周期持有期，趋势出场未武装）,ETH 持有（周期持有期，趋势出场未武装）,合约 可持1x（费率年化 4%）
2026-09-25,84406.76,顺势,76142.68506200588,2687.9,顺势,3.47,12,20.61,,2.00788970699235,29.2,再入场窗口,BTC 持有（周期持有期，趋势出场未武装）,ETH 持有（周期持有期，趋势出场未武装）,合约 可持1x（费率年化 2%）
2026-09-26,84103.13,顺势,76454.8333054959,2691.97,顺势,1.91,12,22.51,,-7.048585411357951,29.2,再入场窗口,BTC 持有（周期持有期，趋势出场未武装）,ETH 持有（周期持有期，趋势出场未武装）,合约 可持1x（费率年化 -7%）
2026-09-27,84435.1,顺势,76767.81682611718,2696.79,顺势,1.34,12,23.86,,0.77179760079105,29.2,再入场窗口,BTC 持有（周期持有期，趋势出场未武装）,ETH 持有（周期持有期，趋势出场未武装）,合约 可持1x（费率年化 1%）
2026-09-28,84480.58,顺势,77070.29191898758,2688.05,顺势,1.34,12,23.86,,0.91819704503805,29.3,再入场窗口,BTC 持有（周期持有期，趋势出场未武装）,ETH 持有（周期持有期，趋势出场未武装）,合约 可持1x（费率年化 1%）
2026-09-29,83497.82,顺势,77322.34314690992,2688.72,顺势,1.34,12,23.86,,9.629250076389,29.3,再入场窗口,BTC 持有（周期持有期，趋势出场未武装）,ETH 持有（周期持有期，趋势出场未武装）,合约 可持1x（费率年化 10%）
2026-09-30,83657.79,顺势,77570.77454768967,2678.14,顺势,0.31,13,0.31,,8.4253751482476,29.3,再入场窗口,BTC 持有（周期持有期，趋势出场未武装）,ETH 持有（周期持有期，趋势出场未武装）,合约 可持1x（费率年化 8%）
2026-10-01,83621.59,顺势,77808.0606932854,2685.85,顺势,0.66,13,0.97,,10.95,29.4,再入场窗口,BTC 持有（周期持有期，趋势出场未武装）,ETH 持有（周期持有期，趋势出场未武装）,合约 可持1x（费率年化 11%）
2026-10-02,84876.2,顺势,78085.25008608146,2706.25,顺势,-1.49,13,-0.51,,-3.0056648854203,29.4,再入场窗口,BTC 持有（周期持有期，趋势出场未武装）,ETH 持有（周期持有期，趋势出场未武装）,合约 可持1x（费率年化 -3%）
2026-10-03,84519.0,顺势,78337.55563871171,2668.67,顺势,1.03,13,0.51,,-5.5534473943857,29.4,再入场窗口,BTC 持有（周期持有期，趋势出场未武装）,ETH 持有（周期持有期，趋势出场未武装）,合约 可持1x（费率年化 -6%）
2026-10-04,84763.62,顺势,78589.57116213988,2687.42,顺势,1.03,13,0.51,,-2.8437501913289998,29.5,再入场窗口,BTC 持有（周期持有期，趋势出场未武装）,ETH 持有（周期持有期，趋势出场未武装）,合约 可持1x（费率年化 -3%）
